{
    "loss": 35.366661071777344,
    "accuracy": 0.4313725531101227
}